[{"model": "contenttypes.contenttype", "pk": 1, "fields": {"app_label": "admin", "model": "logentry"}}, {"model": "contenttypes.contenttype", "pk": 2, "fields": {"app_label": "auth", "model": "group"}}, {"model": "contenttypes.contenttype", "pk": 3, "fields": {"app_label": "auth", "model": "permission"}}, {"model": "contenttypes.contenttype", "pk": 4, "fields": {"app_label": "auth", "model": "user"}}, {"model": "contenttypes.contenttype", "pk": 5, "fields": {"app_label": "contenttypes", "model": "contenttype"}}, {"model": "contenttypes.contenttype", "pk": 6, "fields": {"app_label": "sessions", "model": "session"}}, {"model": "contenttypes.contenttype", "pk": 7, "fields": {"app_label": "studygroups", "model": "studygroup"}}, {"model": "contenttypes.contenttype", "pk": 8, "fields": {"app_label": "studygroups", "model": "userinfo"}}, {"model": "contenttypes.contenttype", "pk": 9, "fields": {"app_label": "studygroups", "model": "location"}}, {"model": "sessions.session", "pk": "gvp5lmsnmrcogxdt8u18xvhl0mqsfkqb", "fields": {"session_data": "NzYzNTg3MmEwYTg2NGNiYTBiYjJiNzEyMGNhMTA1MjMyY2YwNjhlMjp7Il9hdXRoX3VzZXJfaWQiOiIyOSIsIl9hdXRoX3VzZXJfYmFja2VuZCI6ImRqYW5nby5jb250cmliLmF1dGguYmFja2VuZHMuTW9kZWxCYWNrZW5kIiwiX2F1dGhfdXNlcl9oYXNoIjoiZGVlMWRkYWIyMjYwYzViZTliMjUyYTI4M2RiMDY5MzkwOTQ3YWU1ZCJ9", "expire_date": "2016-08-28T23:36:44Z"}}, {"model": "sessions.session", "pk": "mgpd284ifrq4eq8u8xinmfl8joz2a1o2", "fields": {"session_data": "NzY1ZWM5YWZiMThiOTExNzdjNTQzYjUyYzM3ZmFmZTQ2Mzc3ZDAwYTp7Il9hdXRoX3VzZXJfaGFzaCI6IjY1ZjViMDc4MDY4ODEzZjc4ZTVhYzhjZDA0MGE1ZGFkNmViMzE5NmQiLCJfYXV0aF91c2VyX2lkIjoiMSIsIl9hdXRoX3VzZXJfYmFja2VuZCI6ImRqYW5nby5jb250cmliLmF1dGguYmFja2VuZHMuTW9kZWxCYWNrZW5kIn0=", "expire_date": "2016-08-25T09:25:01Z"}}, {"model": "studygroups.location", "pk": 1, "fields": {"name": "Marry Gates Hall", "address": "Mary Gates Hall, 1851 NE Grant Ln, Seattle, WA 98105", "lat": 0.0, "lon": 0.0}}, {"model": "studygroups.location", "pk": 2, "fields": {"name": "Odegaard Library", "address": "Odegaard Undergraduate Library, George Washington Lane Northeast, Seattle, WA", "lat": 0.0, "lon": 0.0}}, {"model": "studygroups.location", "pk": 3, "fields": {"name": "Suzzallo Library", "address": "Suzzallo Library, Seattle, WA", "lat": 0.0, "lon": 0.0}}, {"model": "studygroups.location", "pk": 4, "fields": {"name": "The HUB", "address": "Husky Union Bldg (HUB), 4001 E Stevens Way NE, Seattle, WA 98195", "lat": 0.0, "lon": 0.0}}, {"model": "studygroups.location", "pk": 5, "fields": {"name": "Location", "address": "4040 7th ave ne apt 406", "lat": 0.0, "lon": 0.0}}, {"model": "studygroups.location", "pk": 6, "fields": {"name": "Location2", "address": "4040 7th ave ne apt 406", "lat": 0.0, "lon": 0.0}}, {"model": "studygroups.location", "pk": 7, "fields": {"name": "Location3", "address": "4040 7th ave ne apt 406", "lat": 0.0, "lon": 0.0}}, {"model": "studygroups.location", "pk": 8, "fields": {"name": "Location4", "address": "4040 7th ave ne apt 406", "lat": 0.0, "lon": 0.0}}, {"model": "studygroups.location", "pk": 9, "fields": {"name": "Location5", "address": "4040 7th ave ne apt 406", "lat": 0.0, "lon": 0.0}}, {"model": "studygroups.location", "pk": 10, "fields": {"name": "Smith Hall", "address": "Smith Hall, Skagit Lane, Seattle, WA", "lat": 0.0, "lon": 0.0}}, {"model": "studygroups.location", "pk": 11, "fields": {"name": "Raitt Hall", "address": "Raitt Hall (RAI), Chelan Lane, Seattle, WA", "lat": 0.0, "lon": 0.0}}, {"model": "studygroups.location", "pk": 12, "fields": {"name": "Savery Hall", "address": "Savery Hall (SAV), Chelan Lane, Seattle, WA", "lat": 0.0, "lon": 0.0}}, {"model": "studygroups.location", "pk": 13, "fields": {"name": "Clark Hall", "address": "Clark Hall, 2103 Alaskan Way, Seattle, WA 98105", "lat": 0.0, "lon": 0.0}}, {"model": "studygroups.location", "pk": 14, "fields": {"name": "Joshua Hall's Place", "address": "4040 7th ave ne apt 406", "lat": 0.0, "lon": 0.0}}, {"model": "auth.permission", "pk": 1, "fields": {"name": "Can add log entry", "content_type": ["admin", "logentry"], "codename": "add_logentry"}}, {"model": "auth.permission", "pk": 2, "fields": {"name": "Can change log entry", "content_type": ["admin", "logentry"], "codename": "change_logentry"}}, {"model": "auth.permission", "pk": 3, "fields": {"name": "Can delete log entry", "content_type": ["admin", "logentry"], "codename": "delete_logentry"}}, {"model": "auth.permission", "pk": 4, "fields": {"name": "Can add group", "content_type": ["auth", "group"], "codename": "add_group"}}, {"model": "auth.permission", "pk": 5, "fields": {"name": "Can change group", "content_type": ["auth", "group"], "codename": "change_group"}}, {"model": "auth.permission", "pk": 6, "fields": {"name": "Can delete group", "content_type": ["auth", "group"], "codename": "delete_group"}}, {"model": "auth.permission", "pk": 7, "fields": {"name": "Can add permission", "content_type": ["auth", "permission"], "codename": "add_permission"}}, {"model": "auth.permission", "pk": 8, "fields": {"name": "Can change permission", "content_type": ["auth", "permission"], "codename": "change_permission"}}, {"model": "auth.permission", "pk": 9, "fields": {"name": "Can delete permission", "content_type": ["auth", "permission"], "codename": "delete_permission"}}, {"model": "auth.permission", "pk": 10, "fields": {"name": "Can add user", "content_type": ["auth", "user"], "codename": "add_user"}}, {"model": "auth.permission", "pk": 11, "fields": {"name": "Can change user", "content_type": ["auth", "user"], "codename": "change_user"}}, {"model": "auth.permission", "pk": 12, "fields": {"name": "Can delete user", "content_type": ["auth", "user"], "codename": "delete_user"}}, {"model": "auth.permission", "pk": 13, "fields": {"name": "Can add content type", "content_type": ["contenttypes", "contenttype"], "codename": "add_contenttype"}}, {"model": "auth.permission", "pk": 14, "fields": {"name": "Can change content type", "content_type": ["contenttypes", "contenttype"], "codename": "change_contenttype"}}, {"model": "auth.permission", "pk": 15, "fields": {"name": "Can delete content type", "content_type": ["contenttypes", "contenttype"], "codename": "delete_contenttype"}}, {"model": "auth.permission", "pk": 16, "fields": {"name": "Can add session", "content_type": ["sessions", "session"], "codename": "add_session"}}, {"model": "auth.permission", "pk": 17, "fields": {"name": "Can change session", "content_type": ["sessions", "session"], "codename": "change_session"}}, {"model": "auth.permission", "pk": 18, "fields": {"name": "Can delete session", "content_type": ["sessions", "session"], "codename": "delete_session"}}, {"model": "auth.permission", "pk": 19, "fields": {"name": "Can add study group", "content_type": ["studygroups", "studygroup"], "codename": "add_studygroup"}}, {"model": "auth.permission", "pk": 20, "fields": {"name": "Can change study group", "content_type": ["studygroups", "studygroup"], "codename": "change_studygroup"}}, {"model": "auth.permission", "pk": 21, "fields": {"name": "Can delete study group", "content_type": ["studygroups", "studygroup"], "codename": "delete_studygroup"}}, {"model": "auth.permission", "pk": 22, "fields": {"name": "Can add user info", "content_type": ["studygroups", "userinfo"], "codename": "add_userinfo"}}, {"model": "auth.permission", "pk": 23, "fields": {"name": "Can change user info", "content_type": ["studygroups", "userinfo"], "codename": "change_userinfo"}}, {"model": "auth.permission", "pk": 24, "fields": {"name": "Can delete user info", "content_type": ["studygroups", "userinfo"], "codename": "delete_userinfo"}}, {"model": "auth.permission", "pk": 25, "fields": {"name": "Can add location", "content_type": ["studygroups", "location"], "codename": "add_location"}}, {"model": "auth.permission", "pk": 26, "fields": {"name": "Can change location", "content_type": ["studygroups", "location"], "codename": "change_location"}}, {"model": "auth.permission", "pk": 27, "fields": {"name": "Can delete location", "content_type": ["studygroups", "location"], "codename": "delete_location"}}, {"model": "auth.user", "pk": 1, "fields": {"password": "pbkdf2_sha256$30000$MRYxFZrYGbuj$wYDGPpRThFfQkWfO+wiysEwGjsTHCL6MJUoML8SVBcQ=", "last_login": "2016-08-11T09:25:01Z", "is_superuser": true, "username": "admin", "first_name": "", "last_name": "", "email": "jhall38@uw.edu", "is_staff": true, "is_active": true, "date_joined": "2016-08-11T09:22:38Z", "groups": [], "user_permissions": []}}, {"model": "auth.user", "pk": 2, "fields": {"password": "pbkdf2_sha256$30000$emlr8D5c71Vp$n5eJDbA51PDsuKSU/7utLwkD3HKN5BN0c1kIuSkbtPA=", "last_login": null, "is_superuser": false, "username": "test", "first_name": "", "last_name": "", "email": "", "is_staff": false, "is_active": true, "date_joined": "2016-08-11T09:26:51Z", "groups": [], "user_permissions": []}}, {"model": "auth.user", "pk": 3, "fields": {"password": "pbkdf2_sha256$30000$KBEQppUOsjdX$sihPv9YcRNPxo1DvOLBWCrVzsR/9xt5LdF8A6Ck70k8=", "last_login": "2016-08-14T22:46:52Z", "is_superuser": true, "username": "admin2", "first_name": "", "last_name": "", "email": "jhall38@uw.edu", "is_staff": true, "is_active": true, "date_joined": "2016-08-14T02:46:39Z", "groups": [], "user_permissions": []}}, {"model": "auth.user", "pk": 4, "fields": {"password": "pbkdf2_sha256$30000$5qMUI6ewanzp$uvFgYg9LwnYOqPuz2GeQcn2h4esgDfN6WNwCtAKq978=", "last_login": null, "is_superuser": false, "username": "paulypaul", "first_name": "Pauly", "last_name": "Paul", "email": "paulypaul@test.com", "is_staff": false, "is_active": true, "date_joined": "2016-08-14T02:51:35Z", "groups": [], "user_permissions": []}}, {"model": "auth.user", "pk": 5, "fields": {"password": "pbkdf2_sha256$30000$Wn0gsHBFwbKv$KPZtYJnhYa7WcM20U7ogdiJit315A/x+OHk313VyRtk=", "last_login": null, "is_superuser": false, "username": "bob", "first_name": "", "last_name": "", "email": "bobbybob@test.com", "is_staff": false, "is_active": true, "date_joined": "2016-08-14T12:07:31Z", "groups": [], "user_permissions": []}}, {"model": "auth.user", "pk": 6, "fields": {"password": "pbkdf2_sha256$30000$Efqcjdjb2HnX$U+xaa202djFxDdzxDlRm+s/Wc+R3TdyKuTmwGYM7nRo=", "last_login": null, "is_superuser": false, "username": "sam", "first_name": "", "last_name": "", "email": "sammysam@test.com", "is_staff": false, "is_active": true, "date_joined": "2016-08-14T12:07:41Z", "groups": [], "user_permissions": []}}, {"model": "auth.user", "pk": 7, "fields": {"password": "pbkdf2_sha256$30000$DO0CZlACyx0c$maq8TFOZRi9ctXfOssMzE2YoMPSURlw7Omtnaeqz9iA=", "last_login": null, "is_superuser": false, "username": "jim", "first_name": "", "last_name": "", "email": "jimmyjim@test.com", "is_staff": false, "is_active": true, "date_joined": "2016-08-14T12:07:48Z", "groups": [], "user_permissions": []}}, {"model": "auth.user", "pk": 8, "fields": {"password": "pbkdf2_sha256$30000$FyRLv8dlfmCQ$oAUgDblI0TTGiSj0Enj2A0x0gHKgf92/oE95X0J0qww=", "last_login": null, "is_superuser": false, "username": "sarah", "first_name": "", "last_name": "", "email": "sarahysarah@test.com", "is_staff": false, "is_active": true, "date_joined": "2016-08-14T12:08:04Z", "groups": [], "user_permissions": []}}, {"model": "auth.user", "pk": 9, "fields": {"password": "pbkdf2_sha256$30000$yUCjyG3RwFzJ$S84cd+2jAdrSLiukje6zYm9L4fAFSc2oUt0NNsBp2cQ=", "last_login": "2016-08-14T12:15:19Z", "is_superuser": false, "username": "ben", "first_name": "", "last_name": "", "email": "", "is_staff": false, "is_active": true, "date_joined": "2016-08-14T12:14:38Z", "groups": [], "user_permissions": []}}, {"model": "auth.user", "pk": 10, "fields": {"password": "2O692o86oz", "last_login": null, "is_superuser": false, "username": "craig", "first_name": "", "last_name": "", "email": "craiggycraig@test.com", "is_staff": false, "is_active": true, "date_joined": "2016-08-14T15:49:36Z", "groups": [], "user_permissions": []}}, {"model": "auth.user", "pk": 11, "fields": {"password": "testtest", "last_login": null, "is_superuser": false, "username": "josh", "first_name": "", "last_name": "", "email": "joshyjosh@test.com", "is_staff": false, "is_active": true, "date_joined": "2016-08-14T15:50:59Z", "groups": [], "user_permissions": []}}, {"model": "auth.user", "pk": 12, "fields": {"password": "pbkdf2_sha256$30000$2bmUdwPCUDWj$Rj+QKTN547Wx6rmGOfaii3W5SnPgrGXhj1yOvROJ5g8=", "last_login": "2016-08-14T17:08:46Z", "is_superuser": false, "username": "dfadsfasd", "first_name": "", "last_name": "", "email": "fdasfdasf@dsafdas.com", "is_staff": false, "is_active": true, "date_joined": "2016-08-14T17:08:46Z", "groups": [], "user_permissions": []}}, {"model": "auth.user", "pk": 13, "fields": {"password": "pbkdf2_sha256$30000$fQ5GyDYuEPWH$Ux5NjJboun19vJhL8wyNtWFAiqKMWomE2ibn424Ch5I=", "last_login": "2016-08-14T17:12:39Z", "is_superuser": false, "username": "saxodormat", "first_name": "", "last_name": "", "email": "sax@doormat.com", "is_staff": false, "is_active": true, "date_joined": "2016-08-14T17:12:39Z", "groups": [], "user_permissions": []}}, {"model": "auth.user", "pk": 14, "fields": {"password": "pbkdf2_sha256$30000$VHgUvKi3Gc2T$IWj1v41IRnddRt46ZrKdTDWcQ7GGNvEPQIjnfS3kEmI=", "last_login": "2016-08-14T17:30:24Z", "is_superuser": false, "username": "saxosax", "first_name": "", "last_name": "", "email": "joshhalljoshhalljoshhall@gmail.com", "is_staff": false, "is_active": true, "date_joined": "2016-08-14T17:30:24Z", "groups": [], "user_permissions": []}}, {"model": "auth.user", "pk": 15, "fields": {"password": "pbkdf2_sha256$30000$TS9IRXYmMoeP$GO/QKJjfEKVc9a4K/tSAklTGp8zNelBoe4L0prPTYnM=", "last_login": "2016-08-14T17:35:16Z", "is_superuser": false, "username": "lolbear", "first_name": "", "last_name": "", "email": "lolbear@lol.com", "is_staff": false, "is_active": true, "date_joined": "2016-08-14T17:35:16Z", "groups": [], "user_permissions": []}}, {"model": "auth.user", "pk": 16, "fields": {"password": "pbkdf2_sha256$30000$wXRqvLEDLSDq$4z0Ac4R8/yO5TuuH96KU7RGpElthL8StK9FaLgZEAXc=", "last_login": "2016-08-14T20:53:21Z", "is_superuser": false, "username": "bearybear", "first_name": "", "last_name": "", "email": "bearybear@bear.com", "is_staff": false, "is_active": true, "date_joined": "2016-08-14T18:29:56Z", "groups": [], "user_permissions": []}}, {"model": "auth.user", "pk": 17, "fields": {"password": "pbkdf2_sha256$30000$hMUwtTyfJwx3$zNdo5zhh/1nLnoboPf7Qb9iTrkNODvshvY3XeRU/3Sk=", "last_login": null, "is_superuser": false, "username": "user1", "first_name": "", "last_name": "", "email": "", "is_staff": false, "is_active": true, "date_joined": "2016-08-14T22:47:08Z", "groups": [], "user_permissions": []}}, {"model": "auth.user", "pk": 18, "fields": {"password": "pbkdf2_sha256$30000$kQdqnol2U09G$f8eWkr+iYN9YlwJfehvVySQ1GWdaPLNd86EANacgc/M=", "last_login": null, "is_superuser": false, "username": "user2", "first_name": "", "last_name": "", "email": "", "is_staff": false, "is_active": true, "date_joined": "2016-08-14T22:47:34Z", "groups": [], "user_permissions": []}}, {"model": "auth.user", "pk": 19, "fields": {"password": "pbkdf2_sha256$30000$crRtO6UDuDgN$Sja/Y1Ipx3ZMda2Zf8ez3eOx6ilIQJb6X0FFatJsumk=", "last_login": null, "is_superuser": false, "username": "user3", "first_name": "", "last_name": "", "email": "", "is_staff": false, "is_active": true, "date_joined": "2016-08-14T22:47:57Z", "groups": [], "user_permissions": []}}, {"model": "auth.user", "pk": 20, "fields": {"password": "pbkdf2_sha256$30000$D3aV6IEzofrK$RqRIR+lI8P66Yn546XrdOVVsQ9GP4CGaDDfo5/A+PcQ=", "last_login": null, "is_superuser": false, "username": "user4", "first_name": "", "last_name": "", "email": "", "is_staff": false, "is_active": true, "date_joined": "2016-08-14T22:48:31Z", "groups": [], "user_permissions": []}}, {"model": "auth.user", "pk": 21, "fields": {"password": "pbkdf2_sha256$30000$GdaoWAYYQL02$bwPoFNn4QE610ijX7Wa9g48IXCgn8SWqoaupTyDN4vo=", "last_login": null, "is_superuser": false, "username": "user5", "first_name": "", "last_name": "", "email": "", "is_staff": false, "is_active": true, "date_joined": "2016-08-14T22:48:54Z", "groups": [], "user_permissions": []}}, {"model": "auth.user", "pk": 22, "fields": {"password": "pbkdf2_sha256$30000$FonSeErjX2rB$wFqSzHDxJO0UYki6pMKTat5qZtJrT6y8sHrBy9SrBwM=", "last_login": null, "is_superuser": false, "username": "user6", "first_name": "", "last_name": "", "email": "", "is_staff": false, "is_active": true, "date_joined": "2016-08-14T22:49:04Z", "groups": [], "user_permissions": []}}, {"model": "auth.user", "pk": 23, "fields": {"password": "pbkdf2_sha256$30000$H67RuqLnq2iK$dfTHoBI1UkKacT93dtUBLCumrOBkHpuwQ+N/32TN1VI=", "last_login": null, "is_superuser": false, "username": "user7", "first_name": "", "last_name": "", "email": "", "is_staff": false, "is_active": true, "date_joined": "2016-08-14T22:49:38Z", "groups": [], "user_permissions": []}}, {"model": "auth.user", "pk": 24, "fields": {"password": "pbkdf2_sha256$30000$GDCwX1XOR0Ee$9Qg0RANDSa20mg/jMGJAPnj5z5F4nN/uDJOHYEj1MSM=", "last_login": null, "is_superuser": false, "username": "user8", "first_name": "", "last_name": "", "email": "", "is_staff": false, "is_active": true, "date_joined": "2016-08-14T22:49:49Z", "groups": [], "user_permissions": []}}, {"model": "auth.user", "pk": 25, "fields": {"password": "pbkdf2_sha256$30000$oO6bMBd7lGjw$fChDGlnbkPEoosRcYEcMWNkk4dls7IkUyB6rT6KMPZY=", "last_login": null, "is_superuser": false, "username": "user9", "first_name": "", "last_name": "", "email": "", "is_staff": false, "is_active": true, "date_joined": "2016-08-14T22:50:11Z", "groups": [], "user_permissions": []}}, {"model": "auth.user", "pk": 26, "fields": {"password": "pbkdf2_sha256$30000$fbmLyBOX2MMD$FAWV/8o36QSP9+QrZHc3sJgNxvAIVLPPFsVCFQDiyQg=", "last_login": null, "is_superuser": false, "username": "user10", "first_name": "", "last_name": "", "email": "", "is_staff": false, "is_active": true, "date_joined": "2016-08-14T22:50:24Z", "groups": [], "user_permissions": []}}, {"model": "auth.user", "pk": 27, "fields": {"password": "pbkdf2_sha256$30000$zqojEv3dcLQG$OBHgJDtGnKKoBSx9Q5vRuN+4aGmhPa5Pn0xJlYoXSqc=", "last_login": null, "is_superuser": false, "username": "user11", "first_name": "", "last_name": "", "email": "", "is_staff": false, "is_active": true, "date_joined": "2016-08-14T22:50:37Z", "groups": [], "user_permissions": []}}, {"model": "auth.user", "pk": 28, "fields": {"password": "pbkdf2_sha256$30000$wYRnKTR4WsaM$0dJB38so37wrHGcjL0nMo8GbXLCNPKkq/YYO8KXGQ+U=", "last_login": null, "is_superuser": false, "username": "user12", "first_name": "", "last_name": "", "email": "", "is_staff": false, "is_active": true, "date_joined": "2016-08-14T22:51:11Z", "groups": [], "user_permissions": []}}, {"model": "auth.user", "pk": 29, "fields": {"password": "pbkdf2_sha256$30000$dNz0swW6H51j$WA977xfL9lMYyxnfDFY84NhteDUrrXnLGyOYFfcvdCY=", "last_login": "2016-08-14T23:36:44Z", "is_superuser": false, "username": "jeffma", "first_name": "", "last_name": "", "email": "jeffma@uw.edu", "is_staff": false, "is_active": true, "date_joined": "2016-08-14T23:36:44Z", "groups": [], "user_permissions": []}}, {"model": "studygroups.studygroup", "pk": 4, "fields": {"manager": ["bob"], "location": 1, "course_code": "INFO 200", "location_desc": "afdsafasdfads", "stat_time": "2016-08-14T12:11:55Z", "end_time": "2016-08-14T07:00:00Z"}}, {"model": "studygroups.studygroup", "pk": 5, "fields": {"manager": ["paulypaul"], "location": 3, "course_code": "INFO 360", "location_desc": "dfasfasd", "stat_time": "2016-08-14T12:12:16Z", "end_time": "2016-08-14T13:00:00Z"}}, {"model": "studygroups.studygroup", "pk": 6, "fields": {"manager": ["sarah"], "location": 2, "course_code": "INFO 200", "location_desc": "fdafdsa", "stat_time": "2016-08-14T12:13:07Z", "end_time": "2016-08-14T15:12:58Z"}}, {"model": "studygroups.studygroup", "pk": 7, "fields": {"manager": ["ben"], "location": 1, "course_code": "", "location_desc": "faddas", "stat_time": "2016-08-14T14:07:35Z", "end_time": "2012-12-12T08:12:00Z"}}, {"model": "studygroups.studygroup", "pk": 12, "fields": {"manager": ["bearybear"], "location": 6, "course_code": "INFO 360", "location_desc": "fafsadfdasfadsfadsf", "stat_time": "2016-08-14T20:53:52Z", "end_time": "2012-12-12T20:12:00Z"}}, {"model": "studygroups.studygroup", "pk": 13, "fields": {"manager": ["user3"], "location": 7, "course_code": "CS 142", "location_desc": "RM 143 Call me at (206) 457-9658", "stat_time": "2016-08-14T22:56:19Z", "end_time": "2016-08-15T00:05:03Z"}}, {"model": "studygroups.studygroup", "pk": 14, "fields": {"manager": ["user12"], "location": 1, "course_code": "INFO 344", "location_desc": "RM 234", "stat_time": "2016-08-14T22:57:07Z", "end_time": "2016-09-14T07:00:00Z"}}, {"model": "studygroups.studygroup", "pk": 15, "fields": {"manager": ["user2"], "location": 13, "course_code": "MATH 152", "location_desc": "In the study hall", "stat_time": "2016-08-14T22:57:49Z", "end_time": "2016-08-15T01:30:00Z"}}, {"model": "studygroups.studygroup", "pk": 16, "fields": {"manager": ["jim"], "location": 5, "course_code": "INFO 199", "location_desc": "dkfdaks", "stat_time": "2016-08-14T22:58:19Z", "end_time": "2016-08-14T22:58:10Z"}}, {"model": "studygroups.studygroup", "pk": 17, "fields": {"manager": ["bob"], "location": 10, "course_code": "INFO 200", "location_desc": "fadsfas dsfads", "stat_time": "2016-08-14T22:58:46Z", "end_time": "2016-09-14T07:00:00Z"}}, {"model": "studygroups.userinfo", "pk": 1, "fields": {"user": ["paulypaul"], "phone_number": "2064579658", "facebook_link": "www.facebook.com/joshhalljoshhalljoshhall", "nickname": "pauly"}}, {"model": "studygroups.userinfo", "pk": 2, "fields": {"user": ["bob"], "phone_number": "2064579658", "facebook_link": "", "nickname": "bobby"}}, {"model": "studygroups.userinfo", "pk": 3, "fields": {"user": ["jim"], "phone_number": "2064579658", "facebook_link": "", "nickname": "jimmyjim"}}, {"model": "admin.logentry", "pk": 1, "fields": {"action_time": "2016-08-11T09:26:51Z", "user": ["admin"], "content_type": ["auth", "user"], "object_id": "2", "object_repr": "test", "action_flag": 1, "change_message": "[{\"added\": {}}]"}}, {"model": "admin.logentry", "pk": 2, "fields": {"action_time": "2016-08-14T02:51:35Z", "user": ["admin2"], "content_type": ["auth", "user"], "object_id": "4", "object_repr": "paulypaul", "action_flag": 1, "change_message": "[{\"added\": {}}]"}}, {"model": "admin.logentry", "pk": 3, "fields": {"action_time": "2016-08-14T02:52:05Z", "user": ["admin2"], "content_type": ["auth", "user"], "object_id": "4", "object_repr": "paulypaul", "action_flag": 2, "change_message": "[{\"changed\": {\"fields\": [\"first_name\", \"last_name\", \"email\"]}}]"}}, {"model": "admin.logentry", "pk": 4, "fields": {"action_time": "2016-08-14T02:52:50Z", "user": ["admin2"], "content_type": ["studygroups", "userinfo"], "object_id": "1", "object_repr": "UserInfo object", "action_flag": 1, "change_message": "[{\"added\": {}}]"}}, {"model": "admin.logentry", "pk": 5, "fields": {"action_time": "2016-08-14T02:54:05Z", "user": ["admin2"], "content_type": ["studygroups", "studygroup"], "object_id": "1", "object_repr": "StudyGroup object", "action_flag": 1, "change_message": "[{\"added\": {}}]"}}, {"model": "admin.logentry", "pk": 6, "fields": {"action_time": "2016-08-14T02:57:06Z", "user": ["admin2"], "content_type": ["studygroups", "studygroup"], "object_id": "2", "object_repr": "StudyGroup object", "action_flag": 1, "change_message": "[{\"added\": {}}]"}}, {"model": "admin.logentry", "pk": 7, "fields": {"action_time": "2016-08-14T02:57:44Z", "user": ["admin2"], "content_type": ["studygroups", "studygroup"], "object_id": "3", "object_repr": "StudyGroup object", "action_flag": 1, "change_message": "[{\"added\": {}}]"}}, {"model": "admin.logentry", "pk": 8, "fields": {"action_time": "2016-08-14T11:55:22Z", "user": ["admin2"], "content_type": ["studygroups", "studygroup"], "object_id": "3", "object_repr": "StudyGroup object", "action_flag": 3, "change_message": ""}}, {"model": "admin.logentry", "pk": 9, "fields": {"action_time": "2016-08-14T11:55:26Z", "user": ["admin2"], "content_type": ["studygroups", "studygroup"], "object_id": "2", "object_repr": "StudyGroup object", "action_flag": 3, "change_message": ""}}, {"model": "admin.logentry", "pk": 10, "fields": {"action_time": "2016-08-14T11:55:30Z", "user": ["admin2"], "content_type": ["studygroups", "studygroup"], "object_id": "1", "object_repr": "StudyGroup object", "action_flag": 3, "change_message": ""}}, {"model": "admin.logentry", "pk": 11, "fields": {"action_time": "2016-08-14T12:04:26Z", "user": ["admin2"], "content_type": ["studygroups", "location"], "object_id": "1", "object_repr": "Location object", "action_flag": 1, "change_message": "[{\"added\": {}}]"}}, {"model": "admin.logentry", "pk": 12, "fields": {"action_time": "2016-08-14T12:05:40Z", "user": ["admin2"], "content_type": ["studygroups", "location"], "object_id": "2", "object_repr": "Location object", "action_flag": 1, "change_message": "[{\"added\": {}}]"}}, {"model": "admin.logentry", "pk": 13, "fields": {"action_time": "2016-08-14T12:06:28Z", "user": ["admin2"], "content_type": ["studygroups", "location"], "object_id": "3", "object_repr": "Location object", "action_flag": 1, "change_message": "[{\"added\": {}}]"}}, {"model": "admin.logentry", "pk": 14, "fields": {"action_time": "2016-08-14T12:07:14Z", "user": ["admin2"], "content_type": ["studygroups", "location"], "object_id": "4", "object_repr": "Location object", "action_flag": 1, "change_message": "[{\"added\": {}}]"}}, {"model": "admin.logentry", "pk": 15, "fields": {"action_time": "2016-08-14T12:07:31Z", "user": ["admin2"], "content_type": ["auth", "user"], "object_id": "5", "object_repr": "bob", "action_flag": 1, "change_message": "[{\"added\": {}}]"}}, {"model": "admin.logentry", "pk": 16, "fields": {"action_time": "2016-08-14T12:07:41Z", "user": ["admin2"], "content_type": ["auth", "user"], "object_id": "6", "object_repr": "sam", "action_flag": 1, "change_message": "[{\"added\": {}}]"}}, {"model": "admin.logentry", "pk": 17, "fields": {"action_time": "2016-08-14T12:07:48Z", "user": ["admin2"], "content_type": ["auth", "user"], "object_id": "7", "object_repr": "jim", "action_flag": 1, "change_message": "[{\"added\": {}}]"}}, {"model": "admin.logentry", "pk": 18, "fields": {"action_time": "2016-08-14T12:08:04Z", "user": ["admin2"], "content_type": ["auth", "user"], "object_id": "8", "object_repr": "sarah", "action_flag": 1, "change_message": "[{\"added\": {}}]"}}, {"model": "admin.logentry", "pk": 19, "fields": {"action_time": "2016-08-14T12:08:29Z", "user": ["admin2"], "content_type": ["auth", "user"], "object_id": "8", "object_repr": "sarah", "action_flag": 2, "change_message": "[{\"changed\": {\"fields\": [\"email\"]}}]"}}, {"model": "admin.logentry", "pk": 20, "fields": {"action_time": "2016-08-14T12:08:39Z", "user": ["admin2"], "content_type": ["auth", "user"], "object_id": "5", "object_repr": "bob", "action_flag": 2, "change_message": "[{\"changed\": {\"fields\": [\"email\"]}}]"}}, {"model": "admin.logentry", "pk": 21, "fields": {"action_time": "2016-08-14T12:08:53Z", "user": ["admin2"], "content_type": ["auth", "user"], "object_id": "7", "object_repr": "jim", "action_flag": 2, "change_message": "[{\"changed\": {\"fields\": [\"email\"]}}]"}}, {"model": "admin.logentry", "pk": 22, "fields": {"action_time": "2016-08-14T12:09:04Z", "user": ["admin2"], "content_type": ["auth", "user"], "object_id": "6", "object_repr": "sam", "action_flag": 2, "change_message": "[{\"changed\": {\"fields\": [\"email\"]}}]"}}, {"model": "admin.logentry", "pk": 23, "fields": {"action_time": "2016-08-14T12:09:52Z", "user": ["admin2"], "content_type": ["studygroups", "userinfo"], "object_id": "2", "object_repr": "UserInfo object", "action_flag": 1, "change_message": "[{\"added\": {}}]"}}, {"model": "admin.logentry", "pk": 24, "fields": {"action_time": "2016-08-14T12:10:12Z", "user": ["admin2"], "content_type": ["studygroups", "userinfo"], "object_id": "3", "object_repr": "UserInfo object", "action_flag": 1, "change_message": "[{\"added\": {}}]"}}, {"model": "admin.logentry", "pk": 25, "fields": {"action_time": "2016-08-14T12:11:55Z", "user": ["admin2"], "content_type": ["studygroups", "studygroup"], "object_id": "4", "object_repr": "StudyGroup object", "action_flag": 1, "change_message": "[{\"added\": {}}]"}}, {"model": "admin.logentry", "pk": 26, "fields": {"action_time": "2016-08-14T12:12:16Z", "user": ["admin2"], "content_type": ["studygroups", "studygroup"], "object_id": "5", "object_repr": "StudyGroup object", "action_flag": 1, "change_message": "[{\"added\": {}}]"}}, {"model": "admin.logentry", "pk": 27, "fields": {"action_time": "2016-08-14T12:13:07Z", "user": ["admin2"], "content_type": ["studygroups", "studygroup"], "object_id": "6", "object_repr": "StudyGroup object", "action_flag": 1, "change_message": "[{\"added\": {}}]"}}, {"model": "admin.logentry", "pk": 28, "fields": {"action_time": "2016-08-14T12:14:38Z", "user": ["admin2"], "content_type": ["auth", "user"], "object_id": "9", "object_repr": "ben", "action_flag": 1, "change_message": "[{\"added\": {}}]"}}, {"model": "admin.logentry", "pk": 29, "fields": {"action_time": "2016-08-14T22:47:08Z", "user": ["admin2"], "content_type": ["auth", "user"], "object_id": "17", "object_repr": "user1", "action_flag": 1, "change_message": "[{\"added\": {}}]"}}, {"model": "admin.logentry", "pk": 30, "fields": {"action_time": "2016-08-14T22:47:19Z", "user": ["admin2"], "content_type": ["auth", "user"], "object_id": "17", "object_repr": "user1", "action_flag": 2, "change_message": "[]"}}, {"model": "admin.logentry", "pk": 31, "fields": {"action_time": "2016-08-14T22:47:34Z", "user": ["admin2"], "content_type": ["auth", "user"], "object_id": "18", "object_repr": "user2", "action_flag": 1, "change_message": "[{\"added\": {}}]"}}, {"model": "admin.logentry", "pk": 32, "fields": {"action_time": "2016-08-14T22:47:38Z", "user": ["admin2"], "content_type": ["auth", "user"], "object_id": "18", "object_repr": "user2", "action_flag": 2, "change_message": "[]"}}, {"model": "admin.logentry", "pk": 33, "fields": {"action_time": "2016-08-14T22:47:57Z", "user": ["admin2"], "content_type": ["auth", "user"], "object_id": "19", "object_repr": "user3", "action_flag": 1, "change_message": "[{\"added\": {}}]"}}, {"model": "admin.logentry", "pk": 34, "fields": {"action_time": "2016-08-14T22:48:31Z", "user": ["admin2"], "content_type": ["auth", "user"], "object_id": "20", "object_repr": "user4", "action_flag": 1, "change_message": "[{\"added\": {}}]"}}, {"model": "admin.logentry", "pk": 35, "fields": {"action_time": "2016-08-14T22:48:36Z", "user": ["admin2"], "content_type": ["auth", "user"], "object_id": "20", "object_repr": "user4", "action_flag": 2, "change_message": "[]"}}, {"model": "admin.logentry", "pk": 36, "fields": {"action_time": "2016-08-14T22:48:54Z", "user": ["admin2"], "content_type": ["auth", "user"], "object_id": "21", "object_repr": "user5", "action_flag": 1, "change_message": "[{\"added\": {}}]"}}, {"model": "admin.logentry", "pk": 37, "fields": {"action_time": "2016-08-14T22:49:04Z", "user": ["admin2"], "content_type": ["auth", "user"], "object_id": "22", "object_repr": "user6", "action_flag": 1, "change_message": "[{\"added\": {}}]"}}, {"model": "admin.logentry", "pk": 38, "fields": {"action_time": "2016-08-14T22:49:38Z", "user": ["admin2"], "content_type": ["auth", "user"], "object_id": "23", "object_repr": "user7", "action_flag": 1, "change_message": "[{\"added\": {}}]"}}, {"model": "admin.logentry", "pk": 39, "fields": {"action_time": "2016-08-14T22:49:49Z", "user": ["admin2"], "content_type": ["auth", "user"], "object_id": "24", "object_repr": "user8", "action_flag": 1, "change_message": "[{\"added\": {}}]"}}, {"model": "admin.logentry", "pk": 40, "fields": {"action_time": "2016-08-14T22:50:11Z", "user": ["admin2"], "content_type": ["auth", "user"], "object_id": "25", "object_repr": "user9", "action_flag": 1, "change_message": "[{\"added\": {}}]"}}, {"model": "admin.logentry", "pk": 41, "fields": {"action_time": "2016-08-14T22:50:24Z", "user": ["admin2"], "content_type": ["auth", "user"], "object_id": "26", "object_repr": "user10", "action_flag": 1, "change_message": "[{\"added\": {}}]"}}, {"model": "admin.logentry", "pk": 42, "fields": {"action_time": "2016-08-14T22:50:37Z", "user": ["admin2"], "content_type": ["auth", "user"], "object_id": "27", "object_repr": "user11", "action_flag": 1, "change_message": "[{\"added\": {}}]"}}, {"model": "admin.logentry", "pk": 43, "fields": {"action_time": "2016-08-14T22:51:11Z", "user": ["admin2"], "content_type": ["auth", "user"], "object_id": "28", "object_repr": "user12", "action_flag": 1, "change_message": "[{\"added\": {}}]"}}, {"model": "admin.logentry", "pk": 44, "fields": {"action_time": "2016-08-14T22:52:12Z", "user": ["admin2"], "content_type": ["studygroups", "location"], "object_id": "10", "object_repr": "Location object", "action_flag": 1, "change_message": "[{\"added\": {}}]"}}, {"model": "admin.logentry", "pk": 45, "fields": {"action_time": "2016-08-14T22:53:02Z", "user": ["admin2"], "content_type": ["studygroups", "location"], "object_id": "11", "object_repr": "Location object", "action_flag": 1, "change_message": "[{\"added\": {}}]"}}, {"model": "admin.logentry", "pk": 46, "fields": {"action_time": "2016-08-14T22:54:15Z", "user": ["admin2"], "content_type": ["studygroups", "location"], "object_id": "12", "object_repr": "Location object", "action_flag": 1, "change_message": "[{\"added\": {}}]"}}, {"model": "admin.logentry", "pk": 47, "fields": {"action_time": "2016-08-14T22:55:09Z", "user": ["admin2"], "content_type": ["studygroups", "location"], "object_id": "13", "object_repr": "Location object", "action_flag": 1, "change_message": "[{\"added\": {}}]"}}, {"model": "admin.logentry", "pk": 48, "fields": {"action_time": "2016-08-14T22:56:19Z", "user": ["admin2"], "content_type": ["studygroups", "studygroup"], "object_id": "13", "object_repr": "StudyGroup object", "action_flag": 1, "change_message": "[{\"added\": {}}]"}}, {"model": "admin.logentry", "pk": 49, "fields": {"action_time": "2016-08-14T22:57:07Z", "user": ["admin2"], "content_type": ["studygroups", "studygroup"], "object_id": "14", "object_repr": "StudyGroup object", "action_flag": 1, "change_message": "[{\"added\": {}}]"}}, {"model": "admin.logentry", "pk": 50, "fields": {"action_time": "2016-08-14T22:57:49Z", "user": ["admin2"], "content_type": ["studygroups", "studygroup"], "object_id": "15", "object_repr": "StudyGroup object", "action_flag": 1, "change_message": "[{\"added\": {}}]"}}, {"model": "admin.logentry", "pk": 51, "fields": {"action_time": "2016-08-14T22:58:19Z", "user": ["admin2"], "content_type": ["studygroups", "studygroup"], "object_id": "16", "object_repr": "StudyGroup object", "action_flag": 1, "change_message": "[{\"added\": {}}]"}}, {"model": "admin.logentry", "pk": 52, "fields": {"action_time": "2016-08-14T22:58:46Z", "user": ["admin2"], "content_type": ["studygroups", "studygroup"], "object_id": "17", "object_repr": "StudyGroup object", "action_flag": 1, "change_message": "[{\"added\": {}}]"}}]